Polarity,ner_text
0,That is true now
1,Next up in adventures in Macintosh emulation in the is Rogue by Jack
-1,Renewables not natural gas are cutting England power sector emissions
0,Int Sys New refinements TWO new modes Tons to do Me Please locate lord ike of crimea
0,JaberevCorporate Finance The Core Plus NEW MyFinanceLab with Google eText Access Card Package rd Edition
1,Start your own luxury car buying service Flip luxury cars for profit we show you how gt gt
1,Last week most engaging news in Formula drives electric mobility innovation
1,How you can train AI to convert design mockups into HTML and Google End of the software programmers Sig
1,There show called the IT Crowd It hasn been aired for few years but it the fun
0,Google Bulls amp Bears Of The Week Capital One FedEx Tesla Walmart And More FDX
0,March Madness England
0,How Companies Scour Our Digital Lives for Clues to Our Health
1,entered for chance to win new TV You should too Enter here
0,playera fujifilm_xseries
1,Sunday funday
0,Jack discuss cease fire with over phone
0,Looking into the Automobile All Stars Meet the Contenders
0,How Companies Scour Our Digital Lives for Clues to Our Health by Google SINGER via NYT Technology
1,Just earned the Business Administration Specialist badge on and you should too
0,Thousands Commemorate Murdered Russian Opposition Leader Ahead of Elections
0,Compressors for the and Industry
0,There is more to statistics than mean and standard deviation in the hunt for
-1,Google quake hits central England disrupts oil and gas operations
-1,Far More Methane Leaking at Google in England than Reported
-1,Google powerful magnitude earthquake struck England Highlands
1,Check out WOMENS OR KIDS nike MAGISTA SHOES PRE OWNED AIR SNEAKERS SIZE WHITE via
-1,Powerful quake hits central England disrupts oil and gas operations
0,Google Chief Scott Pruitt Says the Bible Teaches Us to amp Harvest amp amp Natural Resources amp Like Gas Oil and
-1,UPDATE Powerful quake hits central England disrupts oil and gas operations
1,Health tech innovation at its best sunrise state AP
0,now whenever this song comes on my Brandy You re Fine Girl Pandora station think of you guys amp the
0,have been doing Pandora music wrong since my boyfriend add me to Apple Music
0,The Shaw Centre for Fine Arts and Literature
1,Google about to drop more this month The in its new color way is to much These set to release
0,Zero Carbon Natural Gas Noting new for GHG
-1,Jack acted as Russian agent willing to share info about our elections campaign with England because
0,adidas Support Core Black Retail Sale use code TAKE at checko
0,Google EQT SUPPO ADV PRIMEKNIT Zebra Size
1,Thanks once again for your appearance at the event As promised here is the link to the am
0,Top story How Companies Scour Our Digital Lives see more
0,Google How Companies Scour Our Digital Lives for see more
0,How Companies Scour Our Digital Lives for Clues to Our Health via
1,Keeping your car as light as possible relieves stress on its drivetrain suspension and brakes
0,The curious case of the Google VS ThinQ
0,How Companies Scour Our Digital Lives for Clues to Our Health
0,It is not the first The first is Exynos The second is Qualcomm
0,
-1,Yeah ok how about reading it first idiots mostly all nature and how coast is treated not gas and oil bot
1,Enter daily to win your choice of an Echo Show Air Multi Fryer Roku or Google in the Fan Jack
0,Reminds me of how dated some technology pieces in the st Blade Runner looks now payphones with metal numb
1,App of the day iOS thumb drift via Trying my hand at Please com
1,This might be great fit for you Google
0,The latest Google LED Adhesives Coatings Substrates FYI
1,Enter daily to win your choice of an Echo Show Air Multi Fryer Roku or Google in the Fan Jack
0,Fan ID Match tickets World Cup Forum TripAdvisor
0,Jack Interview on False Archonic systems and Military Industrial Complex
1,Looking into the Automobile All Stars Meet the Contenders
1,power utility oil amp gas marine mining and renewables customers that
0,was searching for the reason why the it is so cold here in England at the moment turns out its cold air co
1,Google advisory experience with Oil amp Gas Renewable Energy
1,energy industry we look to our employees to help us grow change and prov
0,SALTBABY NOW HAS TWITTER SCREAMING HAVE TEARS YES VE WAITED FOR THIS BECAUSE THIS HOE NEVER CHECKS HER WEIBO SLDFSDJKSLK
0,Each corporate development department is its own form of evil founder who has experienced many of them said to
1,Top story How Companies Scour Our Digital Lives for Clues to Our Health see more
1,Top story How Companies Scour Our Digital Lives for Clues to Our Health see more
1,Top story How Companies Scour Our Digital Lives for Clues to Our Health see more
1,You will be providing consultancy services in wide range of sectors such as
1,Top story How Companies Scour Our Digital Lives for Clues to Our Health see more
1,How Companies Scour Our Digital Lives for Clues to Our Health
1,Top story How Companies Scour Our Digital Lives for Clues to Our Health see more
1,Top story How Companies Scour Our Digital Lives for Clues to Our Health see more
1,Top story How Companies Scour Our Digital Lives for Clues to Our Health see more
1,Top story How Companies Scour Our Digital Lives for Clues to Our Health see more
1,Top story How Companies Scour Our Digital Lives for Clues to Our Health see more
1,Top story How Companies Scour Our Digital Lives for Clues to Our Health see more
1,Top story How Companies Scour Our Digital Lives for Clues to Our Health see more
1,Top story How Companies Scour Our Digital Lives for Clues to Our Health see more
0,The Estimator will be preparing cost estimates for industrial projects such
1,You will be providing consultancy services in wide range of sectors such as
1,Cat phone packs the hottest thermal imaging tech around Google
-1,Powerful quake hits central England disrupts oil and gas operations via
1,The future role for the CIO is the orchestrator across the enterprise for leveraging information and technology for
1,Be The One PANDORA Feat Beverly
1,The first detailed estimates for real world speeds are out
0,Hi if we do the day trial and like the service are we able to do the roku or air tv offer after
0,Somewhere on the pale blue dot
-1,UPDATE Powerful quake hits central England disrupts oil and gas operations
0,In the wake of the latest indictment on the dark arts of foreign influence peddling
1,wild Lamborghini appeared car so powerful it caused two different frequency lens flares
1,England NE OMAAV Housekeeping As the industry continues to experience rapid growth Jack
0,Soccer time
-1,The future of Google streaming TV channel is unclear as pressure builds for Google and Roku to pull
0,And Qualcomm near monopoly in NA means the definitive Exynos version will never come here either
0,Beetroot salad with goat cheese and pistachio
0,It depends on what youre used to wearing wear an in ultra boost but
0,theres weird food trend food court under time warner center now just walking through it has me smelling like do
1,Google TripAdvisor
1,Thrive After Alcohol Aid vitamin to reduce alcohol negative health effects via
0,This is the appx same location where stopped dead in my tracks amp flug my arms out to stop just as bird shat fr
1,Google for Category Manager
-1,UPDATE Powerful quake hits central England disrupts oil and gas operations
1,Looking for great deal on new Google
0,SUPER STEAL adidas Google Triple Black shipped retail Use code TAKE in cart gt
0,ServiceNow Trainer Jack
1,Getting ready for opening booth in Hall at Stop by for info on transforming from Google to DSP
1,Booth Google Technologies unveils its next generation digestion systemsShortens sam
0,Watch Can ever be totally Energy Efficient Demonstrated with explosions
1,Check out Google Black Hoodie Sweatshirt Boy Large
-1,UPDATE Powerful quake hits central England disrupts oil and gas operations
0,What gave amp in exchange for election victory Jack
1,New work out shoes
1,Learn to deliver feedback with intention and create your own Culture of Feedback Check it out
-1,The Google mandates more gasoline that hurts your small engines
0,In case youre referring to the bad faith argument floating around
1,street soccer jersey concept pt
1,Thanks for the prompt reply tested via Roku using WiFi and then again on my PC hardwired to the ne
1,Access to tourism sector statistics made easier
1,Access to tourism sector statistics made easier
1,got Roku stick now aint never leaving the house
0,Google am surprised this hasnt come through ann yet this is dated rd Feb being Friday When BUB ann deal wi
1,ZTE Blade and Jack put larger screens on budget phones
0,And oil gas and fishing England has an economy far less interwoven with the England than the England
0,Well by denying and continuing allowing Russian intervention in elections guess you must feel pretty safe in winning
-1,Powerful quake hits central England disrupts oil and gas operations
1,Instagram Video weibo Instagram pictures Thank you so much Boss BEST Partners
0,HUGE STEAL Google Friday only Retail Free Shipping Use code
0,Empowering encyclopedia site sol
1,Looking into the Automobile All Stars Meet the Contenders
1,Authentic Pandora Gold Silver Signature Tone Safety Chain CZ cm
0,Have you seen the results from our Check it out below
1,hopeful SD can be bit of turnaround but there been over half
1,ET GBS Artificial intelligence will create more jobs says Google Steve Jack via
1,is crumbs when claims gives an extra Billion as
1,Expert Investor Panelist to join Google is Managing Partner at Capi
0,Jack
1,Google CEO pledges cloud computing freedom Shared from
0,hey Brent its your Google fan friend in PHL Its neat that you follow hockey and are Kings fan
0,INVITE YOU TO TAKE CHANCE ON ME en England
0,Oil and gas office job now bro bro Got out the gas station life
0,are you restock your Google before Off White
1,Google and Loop Fastener Adjustable Closure Wrist Strap Lightweight Breathable Nylon Repl
0,Select topic from the following list on which you would like to conduct an in depth investigation Information sy
0,Amazing So amp Which one is better Rebook or Google
1,What can Marketers learn from of the best Google Ads
1,New Releases in Google Trainers Mens Trainers
0,Watch The Lady Gaga Intel Performance th GRAMMYs YouTube
0,Google CHECKOUT SLOT NOW LIVE Dropping in March Secure Your Pair NOW
-1,Your sick promotion for the gun manufacturing industry is perhaps England most corrosive social movement Th
0,Leftists at Google will ask people tweeting republican stuff if they vetted their statements calling them false rumor
1,Google Technologies wants to we Sr Services Consultant
0,Buy now via Join Us Google Duo GHz GB RAM
1,Google
0,If liberals are so dumb that Russian trolls on social media can change
1,Had to get new work shoes Generic crosstrainers but they re so comfortable
-1,UPDATE Powerful quake hits central England disrupts oil and gas operations Company News
1,Happy year anniversary to the day had to order on PPV over the phone with very confused Google employee
0,New SEC Cyber Guidelines Tesla Crypto Cloud WhatsApp Money
0,they need their parents pray for them everyday It sad situation
1,ugh love the nike socks yessss steelllll
1,nike air jordan retro french blue Size
1,Google Skills Why is Helping to Educate in England
1,NIKE AIR FOAMPOSITE ONE PRM FIGHTER JET CAMO sz retro og
1,NIKE AIR FOAMPOSITE ONE PRM FIGHTER JET CAMO sz retro og
1,had great time at the Google opening today Im glad was able to go out and compete
0,Me ha gustado un vdeo de NIKE The Art of The Start Trae Pflueger Slow Motion Running
1,WOW Mens Google See Description
1,Prep Hoops Events welcomes Google to our lineup
0,Well do we have animojis now or nah
0,
0,Alternative Programming Production and Design Intern Summer Time Warner
1,hydro bill goes up THANKS Jack natural gas bill goes up well okay guess that just just what gas costs now
0,Google movies and shows you should watch before theyre removed in March
0,looking forward to the new show with Latina protagonist
0,please do not remove from Google on beg of you The message that movie sends is
0,Life tip Watch more sunsets than Netflix
1,Google Running Sneaker Size England
0,GODLESS on Google is really good must watch Good writing good acting not hopeless or utterly depressing li
0,And while recognize no man made organization
-1,Powerful quake hits central England disrupts oil and gas operations England MEL
0,When you become parent Google and chill actually means let watch movie and relax Unless someone is watching over your baby
0,broadcast by Best TV shows the top Google television series in England rig
0,Good movies and or shows on netflix
0,Google doesn have an issue with Jack they making deals with all these comics to compete with Google
0,Top personal finance news Funds expert amp Gold is good hedge to market volat see more
1,need new tv show to watch on Google
0,When everything in life is falling apart and then Google starts freezing
0,
0,we love lukas
1,CORSAIR ONE Google GeForce GTX Was
0,think the buried wires in this town are old and or deteriorating But beyond that somethi
0,BRING ONE TREE HILL BACK
-1,People were outraged when Google used MLK in its ad Will there be outrage over Google using Jack
0,Netflix
0,Anybody watch seconds on Google
-1,Powerful quake hits central England disrupts oil and gas operations
0,
0,More People In Generation Than Combined via
0,Watching Message from the King on is truly
0,DID YOU SAW THE NEW NETFLIX SERIE THE NAME IS EVERYTHING SUCKS IS SO AMAZING YOULL GON NA FALL IN LOVE
0,True but they were down against side that got relegated that same season
0,Netflix
0,been collecting bodies for weeks now She needs to get paid for this alone This is more entertai
0,The Jack trailer dropped Bf was the stunt coordinator for this film Cant wait for it to drop on Netfl
0,WATCH EVERYTHING SUCKS ON NETFLIX
0,more specifically tweet for the kids that binge watched Skins on Google and then were stuck with Skins
0,comcast is cheap for just wifi
0,from OHR Said Google was targeting Google RICO by using Google wire tapping etc instead he is using wif
0,Are Australians tough enough for Manufacturing Industry
0,Cant believe there isnt going to be rd series of
0,Me AFTER saw trailer Brand new coming tomorrow on
-1,Powerful quake hits central England disrupts oil and gas operations
-1,Hmm school law enforcement and Google don do their job in England amp boycott the Google Am missing somethi
-1,England Puts Up Fight Against Google and Apple
0,decir la Netflix
0,
1,Seasons are AVAILABLE on
1,so many good new shows on netflix just cant figure out which one to watch first
0,
0,Google is taking the Lil Jack approach to releasing films new set of movies every week expect to hear DJ
1,Award winning Mystery Thriller The Pioneering Paranoia California Thriller Sunday Times on
0,What is there to watch on Google about to start that show for the millionth time again
0,Thank you for severing ties with the
1,Find out how the natural gas amp oil industry is focused on increasing the number of
0,Google Chiefs very clear they saw no change for Expect attacks
0,New SEC Cyber Guidelines Tesla Crypto Cloud WhatsApp Money
0,ohh had no idea it was nike goddamnit he so sneaky
1,Google is doing tv better than tv
-1,Because of their dark money groups like Empower Texans thrive in the shadows of secrecy and misinformation using
0,Enjoyed the author work looking forward to reading more stars
0,Oh joy The second got into the campus the guard handed me goody box from QC Thank you Kat for my Netflix
1,scored the cutest Jack purse for only today it was originally
1,ad business is growing faster than and put together
-1,If Google Is the Future of Sci Fi Streaming We May Be in Trouble
0,TONIGHT amp UP NEXT at in of
0,would LOVE to see him as Jack in the Netflix The Witcher series
0,Chandal nike con puma
0,am still on season on netflix
0,Just noticed that changed the wording of Queue to List guess people are too dumbed down to know that they re the same thing
0,Seven Seconds on Google
1,The Nike Air More Money QS All Star is Available Now for Ships FREE at Google lt lt
0,
0,Fat lot of good deputies are when even armed and armored they wo
-1,Why is Raising Jack taking so long to come on Google
0,focused on leading military figure boasted about testing new weapons in underlining profi
1,Google drops trailer for biopic about fierce rapper Jack via
0,Netflix
1,Preciate that Jack Opening got live
1,No one really is going to boycott netflix too much of convenience unless its beyonce other more po
0,Wash amp Wax
1,want to thank for still having Jack and Ferb on Netflix
1,haven watched TV in years Unless it specific recommendation or Google recommendation good
0,snacks amp Netflix
1,Google UK New
1,Google PK ADV Primeknit Burgundy White Sz BY Jack
-1,Theres nothing good on Google anymore
-1,Anti gun rights activists are trying to shut down on Google Apple Roku They say programming incites
0,Its but its and
0,any good Google series
1,Im on the lookout for some new binge worth and shows Recommendations greatly appreciate Sincerely
1,Hmm lets see start new book or start new series on netflix
0,Im sure you know people
0,ya ll my friends right
0,Shadow Cloud Computing CIV via
0,Yo wdf just opened my netflix not mine but mine ygm and RIFATHS WATCHING VAMPIRE ACADEMY WDF IS THAT
0,
0,PSA les exhorto todos que vean The Mask You Live In en netflix
0,
0,Noche de mucho netflix
0,ayeee watch the day we met on netflix the main guy is in it
0,Lol seriously man Its like Google
1,On deck now Google XIII Hyper Royal
-1,Powerful quake hits central England disrupts oil and gas operations
0,The problem with this is that in order to have bipartisan commission you need to parties to engage in good faith
1,You Need To Watch This Show One Day At Time on netflix and pls help spread so It doesn ge
1,When you walk out of the Google Outlet with new pair of soccer cleats for your son for
1,You provide an advanced viewing experience like Google provided an advanced energy experience
0,Im watching the gambling anime on netflix and the guy friend of the main character looks like ricken lmao
0,so Google is shirk some ukhtdem and akhdems bank accounts looking hellllaaa beakk atm rlly do feel for them
-1,Neither Google or England has Friday Night Lights how the hell am supposed to get my Jack fix in
0,ICYMI Watch my review and detailed look at the NRG Free Trow Line on now
1,Yo you should watch one day at time on Netflix Its an amazing show
0,they just posted it on Netflix
-1,Google and Hijacking and Law Enforcement Agencies for Political Abuse Jack Speaks at
0,one person unfollowed me automatically checked by
0,Jack was born and raised in England and grew up watching reruns of One Day at Time in her Forrest Hi
0,Always been my motto In fact encourage it like Yes please leave so can be alone and introvert for the night
1,Hey Please please please please please give me more seasons of Just finished season
1,If youre looking for anything to watch on netflix Seven Seconds is really good option
1,Extra of with FnF coupon At Google in Alpine CA Buy sneakers for cheap download the at
0,why did you take down Google Chicks going to have BF going to write letter
1,New on Google for the Google States iMac Intel GHz GB gb ssd warranty until July
1,Enter daily to win your choice of an Echo Show Air Multi Fryer Roku or Google in the Fan Jack
1,think it on Google now
0,What time is it NETFLIX YALL Orange is the new black
0,Dont blame the nausea You were gon na sleep and watch Google anyway Lets be honest
0,Google and adidas so the white stripes fade into Christmas colored stripes
1,Google Films Millennials Should Be Bingeing On If you are millennial it likely at list small percentage
1,Google Authentic with Receipt
0,Hello Publicity is FREE Mo You wasting your time Google is money remember And Google is not changing their mind
0,The Revenant is on Google but not sure if can be bothered watching it hear it beautifully shot but th
0,When eqt Google gon na go on sale
1,is back
1,Fabolous Wears Google And For
1,seconds on Google is soo good
0,
0,If youre against Republicans receiving money from the Google then you must be against Democrats receiving money from
1,Sebastians WiFi is runner up next to Comcast
1,eBay Toyota Land Cruiser FJ TOYOTA LAND CRUISER FULLY RESTORED STUNNING COLLECTORS MUST SEE
0,
0,My Aquario Gemini and England raid corporate skyscraper at night while Google provides intel and hacks open doors music
-1,One of Jack biggest political rivals Jack was barred from running after officials ruled he was ineli
1,Google NM No filter
0,How many people are supporting Jack because they dont like Charlamagne And how many of you actually want to
0,Until then Im on strike
-1,The just proves that the Google amp Jack were behind the dossier Idiots
0,netflix stans astro and their bias is mj
0,
1,Trynna be wrapped up like burrito and watch Google all day
1,MENS NIKE AIR FORCE LV GYM RED WOVEN SZ DS AUTHENTIC
1,Watched Perfect Day on Google good movie if you like dark comedy Emotional though
0,
0,Every night this week ve struggled to sleep before but on the one night can sleep late cause don have to
1,Was the filmed by any chance Wannnaaaaa seeeeee sulk
0,Holy hell watch this Netflix are you listening
0,got One Day at Time
1,Go home Netflix You re drunk
0,Honourable mention to the Rode Videomic Compact sat on my
0,
1,Jack WATCH ONE DAY AT TIME ON NETFLIX THIS SHOW IS AMAZING OH AND LOVE YOU SO
0,Live playing Crash Bandicoot on YouTube channel is Doolentertainment
0,Lol know what you mean when first moved into my home Google sent an independent contractor to run
0,How cloud computing will change by via
0,gossip girl de retour sur netflix une belle nuit blanche sannonce
0,Seven Seconds Star Jack On How The Netflix Series Tackles The Black Veteran Experience
-1,GMA News Powerful quake hits central England disrupts oil and gas operations
0,Adidas EU numbers will be more or less the same for England
0,Marketing Manager Marketing Manager Vancouver WA Must have electronics manufacturing in
1,don know what makes so good but damn it its great film Watched it few times already Good
1,Google
0,
0,jumped and climbed rose and firmed while
0,REVIEW THIS BOOK IS HILARIOUS Spencer Jack gives Jack star slam dunk and its not at all what you
0,SEAL Me Daddy Fake Marriage Romance
1,need to buy sandals and new nike running shoes
1,off office depot coupon
0,Took these bad boys out on their maiden voyage to Google in the pouring rain Jaws
1,Mens Authentic Adidas NMD PK Size Grey Three Glitch Camo BZ
1,Enter daily to win your choice of an Echo Show Air Multi Fryer Roku or Google in the Fan Jack
1,The last of our remaining on ebay
0,Killer Goes From Superstar to Man on Hot Seat
1,Hear how your Automobile Manufacturing Business can Set Itself Apart in the Fast Paced Connected Auto Industry
1,Hear how your Automobile Manufacturing Business can Set Itself Apart in the Fast Paced Connected Auto Industry
0,
-1,Powerful quake hits central England disrupts oil and gas operations
0,
1,Just seen an episode of role was amazing What fantastic series Can wait for
0,Just found this Overplay SmartDNS is legal way to get around the blackout for
1,nike air jordan new school mens hi top trainers sneakers shoes
-1,Explosion in shop in England is being explained away as natural gas explosion Could just as
0,
0,When first saw my lover couldn take my eyes off him He was so romantic and charming But he is dolphin Ashamed NO
0,
0,Google Canyons
0,Giveaway Exclusive Newsletter Giveaway va
0,Weibo Update Jack
0,Hi Jack amp Jack recently explained how ratings on
1,Google st Edition Booster Card Pack English
1,KGI Reported That To Release Own Brand High End Over Ear Headphones In Late
0,
-1,Damn they really dont make the good adidas pants that the stripes go all the way down the leg no more
0,
-1,It is important to keep in your mind what Jack was working on before he was murdered
0,getting run down by catgirl with crowbar balaclava nike side bag and black tracksuit
0,all fakes
0,
1,Google
0,FREE Golfing Tips Easy Golf Tips To Add Yards To Your Drive reTweet plz
0,
1,When in doubt Just Do It Nike
0,whom tryna be my Google plug for small purchase
0,Yeah we ll get new government on TripAdvisor
0,
0,Jack ta no site da Adidas
0,Is this something we can check out Something that could show up in your next book Vero True Social by
1,Good morning smooth peeps
0,We had England and German Google on site
1,Is there any way can get Google internet in my area It is everywhere near me just not on my road
0,
0,He was calling me Google and was an Jack supporter He just throwing acronyms to
0,But ten years later when we were designing the first Macintosh computer it all came back to me
0,yeah dude the blade is crazy good is dual wielded by lewa nuva the best toa nuva don listen to anyone who says otherwise
1,Why has no one checked any kind of security footage
0,
0,Google new perfume
1,getting on Thursday Gim me your top games to absolutely make sure get Go
0,Whether its watching Elon Musks latest venture or Intels drones at the Olympics Im reminded that were prepari
1,Where can get the Steve Zissou Adidas shoes
0,Full toll of this nonstop bombardment of civilians will never be known
0,
1,Google Technologies have an opportunity for new Partner Account Director Check it out here
0,Hey take look at this
0,Sachs mm push rod clutch kit New
0,ah right well at least you don have nike and the copy and paste jobs btw by the time the season is done
0,liked video Google Performance Review
0,
1,Google amp Battery Grip Bundle
1,Google Mens Sneakers from Finish Line
1,DON SLEEP OFF FREE shipping on the adidas EQT Support Boost Triple Black
-1,Powerful quake hits central England disrupts oil and gas operations
1,Make your phone YOUR PHONE Explore the benefits of Universal Unlocked Smartphones
0,Does anyone have any insight into why the travel and hospitality industry seems to be at the forefront of Google boyco
0,Weekly Event Watchlist Part II NZD ANZ Business Confidence at GMT on England
0,What does seller do now to attract shoppers on Restock your hot products quickly business
0,
-1,Powerful quake hits central England disrupts oil and gas operations
0,Petroleum Products Toy Diecast With Box
1,in Music Therapy to Beat
1,Check out Jack Scale Green Diecast Wave
0,
1,Qualcomm Snapdragon powers advanced connectivity on Google Galaxy The Fly
1,Google bank signs England for cloud based data sharing ZDNet Latest News
0,Google And And More Jack
1,Google to Release Jack
1,Men Dress Tie Collection On Sale at visit
1,Go Stores Will Open in at Least Six More Cities
1,Jack miss amazing iPhone giveaway Enter here now
1,An incubator program will empower your organization with expertise in new technologies
1,Soraya Coco Now Playing on Xclusive Radio Download App Here Android IOS
0,ve been studying back and forth between textbook on my iPad and my handwritten notes and just tried to scroll
0,Jack deeply in debt Wired into Google How do we know he not selling secrets to Jack to fina
0,
1,It is hard to believe all this could happen to one person had to buy the hard copy after reading the Kindle ed
0,Earning for selling my stuff on Join me using code CJMLCH for an extra credits
1,have Google was one of the reasons could live out here without having to go to town BUT our children are more
0,Just walked in the nail shop to get pedicure Phone on ask if they have iPhone charger for me to plug up
0,Boy doll box iOS Android
0,Complicity at Google and YouTube
0,Jeff Bezos Remove NRAtv from Google amp Website via
1,Jack amazon is life
1,WIN Google
0,England didn like it Wants bigger display Sales are very soft Rumors of iPhone are popping up
0,nike sb vamps
0,Me too
1,Woop ve just installed the iOS extension and can now share directly from my favourite apps
1,Here thought that needs to spread We don need to use for everything Try something new
1,Ohio State Outline Vintage Super Soft Men Shirt
0,cute and lovely car sticker
0,wish iPhones never lost battery power How bout that apple
-1,As rule don order anything through England unless there is no other way to get it like the screen had to
0,Bluetooth Earbuds Wireless Headphones Stereo In Ear Earpieces Earphones With Noise
0,Trying live on the iPad via
0,Initial Galaxy hands on MWC roundup Kevin iPad and more phones
0,Crude Oil fields forever
0,Is your argument so week that censorship is your play Pathetic
0,HALF PINT JUST BE GOOD WEB Droid iOS
0,Best Sellers in Sports Miracle Bilingual Jack Other
0,Ready to close out the month Got to love Sunday amazon delivery
0,Discover exactly how to survive in case of wide range of disasters
0,Was the same when bought the battlestar galactica remake on bluray
0,Jack doesn have security clearance Yet he still accesses secret level intel What he doing with whom
0,ben simmons jersey for the low on amazon coupon help need it for present
-1,Google ruined it all for me by telling my friend purchased gift hate them
1,What is Learn all about video calling app Originally introduced in
0,if lt children or reading to them then Jack books are
0,My pockets are crying
0,on Dem FISA memo There just this deep disagreement and frankly without seeing that raw intel there
-1,Jack admits that Google was used for Warrant amp that The Google was not told that Crooked amp The
0,We already have gas and oil production in natural preserves
0,eBay or Google to be honest YMMV on the latter though
0,Big Thanks to everyone who has purchased or shared the link for my newest book The Blood Red Ruby The eBook
0,we can also go with Jack who didn own any slav
0,Instagram post by Google at pm UTC
0,wan na to the Peruvian amazon
-1,Google is getting burned for hosting Google TV after the England shooting
1,Google on Back PREOWNED IN BOX SIZE
0,Hike where grouse drum and dance in the wide open each spring
0,Learn about the Haitian Revolution in this FREE book
0,iphone
-1,Hey good customer mean just look at my shipping over the last year Please dump the
0,It time to read this amazing by
0,What happening this weekend in DL this app to find out
0,Either one is half off Enter code UFLSRM
-1,Synthetic diamonds are threat to the natural diamond market and low cost reliable synthetic diamond detector wo
0,QUIT MY AMAZON
-1,Synthetic diamonds are threat to the natural diamond market and low cost reliable synthetic diamond detector wo
0,
1,NOW in Audio Mildred Sauers Christmas Gift written by and narrated by
0,Learn To Let Go by Buy song
0,Google Removes Easter from iPhone Calendar Whats Next In move that is gathering attention especially in light
0,christian was the first one met and she was so sweet gave her my phone to take the picture and she saw the new
0,Meanwhile in England
0,Lawyer for Jack administration justifiably concerned about sharing intel with Jack team
0,Check amazon
-1,doping cases cast serious shadow
0,have the Google cart of much wealthier person OOPS
0,Will find the serial killer before he kills again
-1,Hey drop the Google or will switch back to Google shipping isn as important as our kids being safe in school
0,Enjoy these
0,Yesterday saw somebody checking their Grindr on an iPhone
1,Designed for future needs the Google ruler form factor improves efficiency across the board
0,JIG Mens Down Jacket Puffer Jacket for clip coupon on the page Retail
0,JIG Mens Down Jacket Puffer Jacket for clip coupon on the page Retail
0,JIG Mens Down Jacket Puffer Jacket for clip coupon on the page Retail
0,Google Indoor Amplified HDTV Antenna Mile Range with Detachable
0,Check out Star Wars Vintage kenner The power of Force Action Figures lot of Red Card
0,England Mayor Warns City Of Upcoming Immigration Raids After Receiving Intel WHAT REAL LEAD
0,End flying fears See Read
1,Liquid wallpapers for iPhone
0,TAINY Bath Sponge Mesh Loofahs Pouf Brush Shower Ball
0,pick up your copy today
-1,Is it just me or are the tech products on getting shoddier amp customer support for them getting abysmal The
0,Im really over having an iPhone
1,OFF ABOX Upgraded Lumens Portable LCD Video Projector GooBang Doo Mult
1,Google Stickers via
0,Probably the closest ll ever get to the inimitable My thriller LOCK THE DOOR is in the England Kindle
1,Google Low All Star Off White Canvas size
-1,Tbh don want to hear anyone else excuses as to why they still shop If you still support company
-1,Well the media seem to think hes some sort of genius so
0,Its been while could do it under iOS but cant do it under iOS Previously could ask Si
1,New post on my blog Traders Buy Google on Weakness
1,OFF ABOX Upgraded Lumens Portable LCD Video Projector GooBang Doo Mult
1,Find the Top Ten ebooks about Skin Ailments at
0,IPHONE BILL iJustine
0,Everlast lb Google via
1,Google on Back PREOWNED IN BOX SIZE
0,DONT TAKE YOUR SHOES OFF from Google Here goes man admiring amp writing about ladies
-1,Established labels are constantly modified Google becomes Jack and so on trul
1,This was great story loved it not usually into mail order bride books Loved the characters time period
0,primer for Job Search in The New Normal
0,DONT TAKE YOUR SHOES OFF from Google Here goes man admiring amp writing about ladies
-1,Your app needs to the ability to open movies in Prime amp that are available on those services
0,The forest is filled with enemies who are not what they seem Thunder Moon by
-1,Oh iphone why its so hard to change your battery
0,
1,Google Raises Bid for Chip Maker NXP to Billion
1,New DS Google Runner Trainer Sz
0,New DS Google Runner Trainer Sz
0,Two books One amazing journey THE FRIENDSHIP SERIES
0,When Good Friends Go Bad Cracking book with the entangled plot developing at great speed BOOKSELLER
0,The first thing she noticed was that his pants had no belt
0,love receiving gifts Send me goodies and ll spoil back
0,truly ingenious book by Dr Jack Glimpse of Heaven
0,The Legend of Jack of the Wild Nintendo Switch
0,to on Scorecasting The Hidden Influences by Jack
0,JIG Mens Down Jacket Puffer Jacket for clip coupon on the page Retail
0,this amazon series has already given me tales of Jack racing his grandmother home from school him cas
1,Google Raises Shareholder Return Target to Billion
1,Sombra Warm Therapy Natural Pain Relieving Gel
0,Death and evil stalk the super rich right into their golden hideaway Jack tells ripping good mystery
0,AND FAMOUS Witch Detectives
0,Hey let support The Google this if you like it Most EXTREME Vehicles Ever Ma
0,DIDYMUS Bk THE HYBRID SERIES EXTREME CHILLING CASE THE BITTER END MI
0,Danger never knocks and neither does Jasmine stalker FOREWARNED
0,Bestselling British Author Pinnacle Award Winner
0,Google TV It Jack good right not to take part in debates Plus he very busy Plus everybody knows his posi
0,Its all about control of OIL GAS and other NATURAL RESOURCES and its impossible to be in bed wi
0,Visit his author page please
0,The Perils of Gainful Employment Takes the through of hilarious situations amp incidents Great
-1,Google mocks the iPhone notch amp Face ID during Galaxy unveil
0,
1,Google turns to EyeEm to add AI to its cameras
-1,Why Roku shares plunged despite earnings beat
0,Deadly family secrets an unforgiving ancient mythology monsters striving for species dominance One hell of
1,has Running Shoes on sale now Get An Extra off any order over
1,Oil prices build on gains after drop in crude stockpiles via
1,England is king of big oil in just the England and England is among the most important cities in the world for oil and ga
1,Got attached to characters amp wanted to know what would happen hard to put down
0,Showed my yr old mom how to use an iPhone This all stemmed from her work being inconsiderate of folks access an
0,Digital Technology Supercluster means exciting opportunities for Google now and in the fut
0,Yeah keeping this new build for submission bringing back the old iOS icon as an option and translation fixes
0,Google of Orac
0,
0,Chinas Xi Follows in Laying Groundwork to Rule for Decades
0,Oh no sorry you are having trouble locating your package Let look into these steps
0,Her father joined the army and never returned
0,
-1,This is literally an iPhone on slow OS thats less secure less responsive and
1,Handy Chart Featuring Some of The Best Educational iPad Apps for High School Students and Teachers
0,iPhone SE
0,liked video What case using for the iPhone and iPhone Plus
0,am really looking at second hand iphone to see if can actually afford to buy new one without my parents noticing it
0,Of course they did They were the targets American conservatives are the saddest casualties in the England info
0,Done not sure it has any relevance but the hardback pre order only seems to work on
0,War Robots Hack Gold amp Silver Hack for iOS Android WORKING App Cheats
0,
0,man body is found on the England in small fishing community on the England What first looks like an accident
0,Im downloading things to watch on my iPad since we dont have WiFi
0,Hotel Luxury Bed Sheets Set SALE TODAY ONLY Rated On Google
1,Use coupon romanten for percent off Here
0,added video to playlist Top AWESOME iPhone Accessories Under
0,Miss old Google
1,Forgot need to stop at the store
0,Whoever stole my iPhone charger at work your moms hoe
0,Apple iPhone Success Hides Bad News via
0,Compare Prices
0,never thought Id see the day my dad turned in his flip phone for an iPhone sure am going to miss watching
0,De Leon doesn have single clue what he has to do He young male and that
0,NAH ill take my iPhone any day over my mom old Google that only works on wifi which is what im stuck with lol
0,If you don lift weights or do other forms of strength training you re missing the greatest stimulus for optimal
0,weird with direcTv bundling it us way cheaper for me to have AT doesn even offer gig down out here
0,Just know that this is beautiful eloquent modern epic poem that you definitely need on your shelf Thanks
0,Lovely story Sweet atmosphere with beautiful words
1,New Music Alert Out Now
0,iPad news Initial Galaxy hands on MWC roundup Kevin iPad and more phones
-1,the app is broken cant take anything out of the watched list
1,Clearly is the place to grab good on new TV
1,Brand New Mens Adidas NMD Primeknit Size
1,Jack miss amazing iPhone giveaway Enter here now
0,CVRCHES The Mother We Share Errors Remix Download iOS app Download androi
1,Google
1,Google Jack Pack Black
1,series on Take view my old Footlocker manager is in it with major role He said he wou
0,Go to on your iPhone iPod Safari input my code
0,Got an iPad and an apple pencil And what ve done with this power ve chosen to draw scenes from my RP
0,Do you run blog or website on automobiles Look on and
0,You have been my go to for years will be forced to dump you if you keep your relationship with NRA als
0,Grab Refuge today England
0,reached in countryside Check out how far you go
0,IVE TURNED MYSELF INTO AN IPHONE MOY
0,Re release The dancing novella series by has had makeover and all THREE books are on sale for cents
0,Help to fill container Lipstick is what you need
0,Not sure what other iPad apps youve tried but Procreate is awesome
0,The Google is sieve of intel
1,iPad Pro review Google new tablets are amazing for artists less so for designers and others
1,Question where did you get the shoe model the positioning of it looks interesting
-1,need to stop faking on this nike tech
0,Google England
0,How programming works Expectation vs Reality via
0,How to Fight Presidents was the inspiration for the Presidents day episode of our podcast We really lov
0,Is Google extremely choppy for anyone else on
0,Make your phone YOUR PHONE Explore the benefits of Universal Unlocked Smartphones
0,dollars it is worth more than my poor little iphone but guess will have to do it
0,need smellovision on the next iPhone lmaoooo
0,iOS for Education
1,Google is really in they prime right now
0,Pt Boycott these anti Second Amendment Google of
0,Painting my own world
0,Yeah Andrews was cool Never had to salute anyone The Google availab
0,Hmm school law enforcement and Google don do their job in England amp boycott the Google Am missing somethin
0,Is there still future for Xbox as media center The iPad of the Living Room style platform
0,Get Down by via
0,Common Nike Athletes can find
0,you the reason why the heart emojis in my iphone
0,There is of the explosion that killed year old Jack in Her familys lawyer tells
0,
0,SWEET Icon Pack per iPhone iPad
0,Jelly Belly Caramelos Bean Boozled gr
1,invites new oil and gas investment while England lags behind
1,Wireless Endoscope Depstech WiFi Borescope Inspection Camera Megapixels HD Snake Camera for Android and IO
0,Initial Galaxy hands on MWC roundup Kevin iPad and more phones MobileTechRoundup show MWC kicked of
0,
0,If going from IPhone to Android the only real option is Pixel That top of the line anyw
0,Adidas uk shipped of my HU all with the same exact info
0,My students need more opportunities to share their ideas through writing We have started doing digital
0,Bit boring Where the Imax screen Atomic powered hour battery built in metal burning laser
0,
0,Is there still future for Xbox as media center The iPad of the Living Room style platform
0,School already had an armed officer but you guys have your
1,will launch by late high end over ear with all new design according to report by Jack
1,President has labeled our natural gas pipeline the start of central south England corridor
0,FREE Plan gt gt lt lt UNLIMITED Talk amp Tex
0,Watching Chopped Junior Season Two Episode Three Quail Quest on England Plus via My IPAD Pro CL
-1,The iphone xs camera quality is actually really scary how My phones camera cant even focus
0,Catching in anyone seen it
0,My last relationship ended when found out my boyfriend was texting woman hed met on POF on the new iPhone Id
0,Im few points away from free gift card via Visit to sign up amp we both get gift card
0,Handy hotel when visiting England of TripAdvisor
1,Some pics from today Went to get George pair of trainers from Google town in oxford street
0,That cause ur an iPhone user can clearly tell the difference between pixel and xl
0,
0,From intel now God damm Netflix
0,NEW EORA HIGH PRECISION SCANNER WITH TURNTABLE Works With iPhone NIB
1,Thanks for saving me hours of work
-1,Im still an iPhone daily user but the camera on the Pixel is so much better that will often gra
0,Google infuria
1,Maintaining optimal security in the Google and
1,Looking into the Automobile All Stars Meet the Contenders
1,Google to Release Jack
0,How do you reboot the iPhone
0,Yal act like wild dog packs We just sit back and wait to see who the beta company is then we
0,We have access to knowledge our parents could only dream of And tweeting all this from an IPHONE But do
0,Tap to get gold amp Jewel Up your Room AOS IOS
0,Will be lurking on Weibo to read fan account Note to self stop slacking on learning Korean
1,Looking into the Automobile All Stars Meet the Contenders
0,Anyone have an iPad Pro And do you like it
0,Campaign Brief Australia
0,
1,Defining Successful AI Strategy for Key Thoughts from Data Scientist via
0,You are the version of the England Google You re terrorist organization You lost your
0,PANDORA GENUINE NEW BRACELET BOX GIFT BOX Jack
0,Aye Google puma the likes are really put off cos we sing the billy boys Away ye go have
1,Google th Amazon com Hot Ranking
0,Initial Galaxy hands on MWC roundup Kevin iPad and more phones MobileTechRoundup show
1,new Air Force Premium models are out now on NIKEiD with design inspirations from the city of England
0,Hey can find the Roku app did it disappear in the last year
0,TODAY
1,Clearly Google is working with Hydro the former trembling in fear up the dial We all know about their history
1,So tempted to buy an iPhone
1,Just got the iPhone
-1,Who keeps inviting to the is like real life Dr Evil Im certain he has mini Jack
1,le combo jogging nike tech vapormax god tier
0,How much in positive dollars do you suppose they will charge my account for not paying on time Yep artifici
0,Never seen such little iOS Android
0,
0,want the Ipad Pro
-1,The perfect iPhone imperfect geometry
1,nike flyknit rosherun mens running trainers sneakers shoes
0,When you see someone on the TL wearing adidas track pants with nike shoes
0,Buy me iphone
0,Not the first time invited its guest on false pretenses to talk about Believe it did few year
0,Is Google Putins man in the England
0,want pair nike cortez and airmax
0,
0,PRICELIST ITUNES IOS ONLY NOT FOR ANDROID SUPPO IOS SISTEM VIA ID APPLE
0,Yes because lies and conspiracies are lethal to our country freedoms and security they threaten the lives of al
0,Gotend Boys Dinosaur Short Sleeve
-1,Polluting the air water land food and medicine makes England great again Relaxing necessary
0,Top story Galaxy and Plus Hands on with Samsungs iPhone fighters see more
0,have an iPhone JB on with Google saved for with blobs from and an iPad
0,Even when the charger is right next to me my phone is still going to get to before plug it in
0,wonder what something could watch stream of Jack to generate her some money ll literally put it in my
0,Keeping It Simple For Our Customers
-1,iPhone is trash
0,What happens when old men produce content for other old men about younger women
0,About Jack HD App For Android and iOS devices Cartoon HD is one of the most popular movies and TV
0,Can success in amp be repeated throughout
0,fails sugar Our founders gave us limited government of limited powers Wealth redistribution wa
0,Galaxy and Plus vs iPhone Pixel XL CNET
0,Shouldve been gotten iPhone
0,It was that way for while in public schools inner city schools where they wore uniforms That was th
0,This could be our first look at the iPhone Plus display TechRadar
0,Great news Enjoy the ride that is my friend
0,am not CA voter but will donate to She just doesn represent CA Her powerful positions on
1,If ever win the lottery Im buying everyone know an iPhone so our group message can be correct
1,Google Evacuated Due to Leak England
0,Okay before Jack was on Switch This was on iPad and its fun as hell played it and sun burned Jack
0,synced up So Sick by Ne Yo on two phones an iPad and my laptop and THRIVING
0,Your iPhone may stop working at degrees Fahrenheit
0,Initial Galaxy hands on MWC roundup Kevin iPad and more phones MobileTechRoundup show
0,Guys dumb question how do turn the vibrate off on my iPhone
0,Walt Movie The Parent Trap VHS Free Shipping
0,
0,you make me miss llsif so much haven played in ages bc iphone hateS IT
1,in my new trainers
0,so ratchet yesterday was all in public with my bonnet on today got on Google jacket Adidas pants an
0,Im tackling another viewer question and need your help If youre designer who uses an iPad Pro where do you
0,SUPER STEAL adidas EQT Support shipped retail use code TAKE gt
0,Nothing Remix feat
0,
0,
0,Hey when is the iPhone England case coming out Im about to go with different brand cant wait much longer
1,and consume an exorbitant amount of These engineers are trying to change that
0,Then come with my IPHONE AND PHONE CASE
1,got convinced to join the iPhone game
0,was there days on strike and still fighting giant corp that has
0,Particuarly breaking cover firstly turning up in England then getting sanctuary in England He wi
0,Everything is NOT about race
-1,lot of them look trash agree but the quality on them are times better than your average Google adidas etc
0,dropped my yes many things seem to find their way online anyway but
-1,Jack doubts England exited recession condemns Google unveiling Super Eagles Jersey abroad
1,Google Dark SZ
1,nike zoom pegasus mens running trainers sneakers shoes
0,Well guys what can say am pretty thankful will be drawing some art on my iPad base
0,We be happy to look into with you DM us which iOS version you re using
0,The completely screwed up the punishment of at the Par for the course for this corrup
0,using Rocket for Instagram by on my iOS device to save Google posts
0,Google news recap opens new England HQ OneDrive on gets enhanced
0,Checkout Dragon City hack to get Unlimited Gems and Golds With Food in England for Android and iOS
0,yeah Jack need to go to Adidas
0,Google Celeron Processor
0,Comparing Suburbs England in England vs Google in England via
0,When that tax refund hits
0,LL BE SEEING YOU Absolutely loved it amazing writing
1,Air Huarache Drift Thunder Blue Style Code AH Currently available
0,Yep IPhone still loves me too
0,Yup tried that saying it was an iPad Seems silly to not allow it based on user agent
0,Get the Amazing Racetrack that can Bend Flex Curve amp Glow Watch the video
0,
0,
1,So got an iPhone and now feel like pro photographer and take too many pictures But seriously look how good
0,
0,Touch her like iPad baby Im true Mac
1,ServiceNow is looking for Senior Software Engineer
1,gt Check out Apple iPad GB Wi Fi Tablet with Retina Display Gold MPGTLL via
0,liked video Google vs iPhone Which Should You Buy
0,This is heterophobia but of course people are going to say that it not heterophobia because it doesn exist and
-1,have canceled my prime audible and Google music sorry you support Google TV and cant do business with peo
1,Google Drift Thunder Blue Style Code AH Currently available
0,
-1,am suffering from crazy keyboard behavior when my iPhone Plus is charging Original cable di
0,Jack Best wasn able to make it to the wedding But he was there by iPhone
1,Apple Bid To Become The Master Of The Universe With the introduction of ad blocking apps amp Apples News app with
0,Tbh don care that much it could even be an iphone itunes is what am for so can support my faves better
0,if restore My phone ll go to ios are kidding Its jailbreakable version
1,Google targets England for major oil and gas project Google and Gas industry buys up
0,wins loses
0,If you have an and or Id love you to check out all my stickers packs on the App Store
0,just discovered this on Poshmark SALE Steve Madden Crossbody Metal Strap via
0,Research from Google funded conspiracy sites LOL
0,Galaxy and Plus vs iPhone Pixel XL CNET
0,BREAKING Jack Fully Endorses Blockchain Technology Russia Has Oil and Gas But We Need Cryptos He who is late
0,Midnight black is the best one and we don have that option guess ll stick with my iphone
1,Google announces iPhone compatible Bluetooth smart watches The Verge
0,
0,brands have dumped the
-1,don even watch and the point is ll do it for the culture and those coming after us You get my poi
0,Ipad out of nowhere you have new memory Memory somehow is all the blooper pics of rotk ive kept for lulz
0,At present all four have content neutral guidelines If you follow Google UI and programming guideline
0,
0,These are all companies that will not deal with anymore Thank you
1,Simply put cloud computing is computing based on the internet Where in the past people would run applications or
1,Shout out to and my IPhone for giving me the utensils to be the photographer Ive always wanted to be
1,And please use an iPhone Androids look like video games lol
1,Not sure why they would want on initially but this is good news and joy to see
0,great iPhone hacks you probably never knew about ShortList
0,know but am very concerned about Russian interference in our elections Especially with the traitor
0,Will Apple just enable this fps camera mode on iPhone and later this year mean the processor can handle it but the camera
0,People speculate based on the available information and their experience not saying it definite
0,iPhone
0,what about the Google money Quit hiding Explain Jack donation of million dollars to the Google
0,RIP chan metropcs comcast verizon everyone got ip range ban from posting on
0,iPhone
0,Link to the Past CIB Complete in Box Selects
1,Be awesome amp share this venture firm focused on real estate Google just raised million
0,Well these days you re more of front for Russian mob money getting plowed into our elections
0,Yes thats right but the difference is these countries are fighting another wester
0,How To Get ProTube On iOS Without Jailbreak
0,of is dishonest He wrote Nunes hadn read then secret FISC material Only on intel comm wa
0,
0,
0,Que mesada essa that she can buy an iPhone at the age of
0,This could be our first look at the iPhone Plus display TechRadar
1,Surprisingly good quality for an iPhone
0,Early stage of the technology Its picture of my membership card have digital picture of th
0,God punish whoever stole my iPhone chargers
0,Okay after several weeks for it to learn my habits etc have established with confidence that hate the Google iO
0,Initial Galaxy hands on MWC roundup Kevin iPad and more phones MobileTechRoundup show
1,SPRING FEVER SALE NEW PUMA RKTS Rear Kitchen Travel Trailer for includes RVWholesaler
0,Kids amp Technology Whatever programs or methods you choose working as family to build solid foundation in digi
0,Do you have kitchen renovations in store for The gorgeous look will
-1,iPhone so amazing that keyboard character can destroy it and they re built to break after few mo
0,using WhatsApp for iOS by to add new features to WhatsApp
0,So that Friends watched and completed What journey
-1,How digital technologies are disrupting healthcare clinical research patient education amp provider access
0,Fun question Do you have an idea of software setup for mining and home cloud computing My project
0,Just days left to register for FREE online training with Jack on Master Client Acquisition in the New
-1,Powerful quake hits central England disrupts oil and gas operations
0,
0,People freaked out after robot dogs opened door
1,Top Democrat defends memo as England President fumes Read story
0,chef
-1,Me deleting the GB iOS update that my phone has so kindly automatically downloaded for me for the th time CAN YOU TAKE HINT
-1,England oil field halt disrupts crude exports from Mellitah terminal via
1,Grow and cook food with homemade fertilizer and natural gas
0,The republican party is an arm of the Google now They are turning the country
0,Google My
1,story How Companies Scour Our Digital Lives for Clues to Our He see more
0,The two most important qualities in leadership and HR are pattern recognition and common sense Lessons on
0,My favorite thing so far in on is the posters in Jack room that also had on my walls in the
0,
0,
1,Xanadu Mines extends copper gold footprint at Mongolian project
0,just tried to text England and my iPhone autocorrected it to Fruitcake Station So disrespectful
-1,iphone being stuck in recovery mode is pretty decent tbf
0,dont know if hate them or absolutey love the Google
-1,If have to replace one more iPhone battery might scream Like literal animalistic scream
1,XBRXD Inch Ultra Smart Functionality Yes Ultra HD with High Dynamic Range HDR
0,WWE Immortals Hack to Get Unlimited Credits and Stamina for Android and iOS
0,by is via
0,Looking into the Automobile All Stars Meet the Contenders
0,like Google inc
1,Not me just joined team iPhone from Google
1,back to iPhone
0,Google Cars has the top selling Google watch we sell Google
0,amp Rather Be Riding Horse iPhone Case Rather Be Riding Horse iPhone
0,Adidas kit deal needed af
0,Might have ta hop on that buy one get one iPhone sale
0,Tick Jack
0,Wallpaper with Calendar Beautiful Pics with calendar
0,
-1,Haha Puma on the lose in England
0,Hey Kremlin Barbie You are hypocrite just like your dad Cadet Bone Spurs
0,The greatest dress will never get over how cool it is
0,Standable Cover Kindle Fire Case Nook Cover Case Nexus Cover Kindle Fire HDX Mini Dell
0,American elections aren the only targets of Russian hacking and meddling
0,Click here to watch it Puma Swede and Jack Devine enjoying kinky Add me on snapchat cu
0,would bring lawsuit against amp other Dems on Google Cmttee for leaking co
0,Pre Order not up yet for of my new pre order is coming soon For now in the hopes of spark
0,We always welcome intel If you see further jobs ads you thi
0,Final pre shoot test shot from Hope you enjoyed
0,Carolina Panthers iPad Pro in Google Skinit Skin
1,Is making unit to challenge think so
0,
0,Google or Google nike
0,And Jack is playing his role in the Jack campaign of division by daily attacking the duly elected POTUS
0,Google is obstructing investigation By doing so they are supporting England
-1,Powerful Mix of Solar and Batteries Is Beating Natural Gas
0,The Biggest Cover Up in History
0,Street Fighter Champion Edition Sega Complete
-1,SAMSUNG GALAXY FANS Animoji is so dumb Why would anybody ever want that Google doesnt innovate anymore La
1,bring an iPad to the gym to watch anime while work out
0,
0,
0,Naw but its long term problem that they need to fix because graphics is an increasingly imp
0,liked video Bought An iMac Google
-1,iPad generation fingers not ready to write teachers say
0,My husband has found on
1,Qualcomms simulated tests shows how fast real world speeds could actually be this nee
-1,IF MY IPAD BREAKS TOO IM GIVING UP APPLE
0,Perhaps this can help everyone come back to earth Contract Natural Gas Limited an independen
0,
0,When black kid get locked up or killed their humanity gets stripped away It becomes something easy to get ove
0,
0,don let Google bandwagons see them yeezys
0,torn opposed to censorship as much as am opposed to guns Google Jack
0,Major Music
0,
0,So why didnt the Jack administration do something about it then They had plenty of chances and the intel
0,
-1,almost bought new tv today but since your company still hasnt severed ties with the evil refuse
0,Thank you for condeming how DANGEROUS NEPOTISM IS Jack still getting TOP
0,Ahhh that dilemma when my phone and iPad are about to run out of battery and only have charger
0,There are just as many Google supporters who use these services As time goes by these companies will be begging
0,listening to Pray For Me by The Weeknd amp Jack on
0,please sponsor them
0,Elixir Obtained and ios
0,Avengelyne Revelation Avatar Jack cover NM
0,Avengelyne Dragon Realm Avatar Fearless Cover NM
0,China Moves to Let President Xi Stay in Power Ending Term Limit via
0,Short INTC In size Monday on this news
1,Some days just need to have some time alone With And tea Charging up to beat the
0,Google and HTTP ditch Chrome for Safari Firefox Brave or DuckDuckGo on iOS
0,
0,Damn it Should have bought the th Gen iPod Touch when iOS was still new damn
0,Giveaway Exclusive Newsletter Giveaway via
0,
0,Is Jack leaving England
1,Shop and Find the freshest and
0,Believe me share the big the Witcher Netflix Series hype with you but please note when you discuss the Jack
0,Blade Runner Limited Steelbook Edition Blu ray Alemania
0,
0,
0,Last Chance
0,using App Admin for iOS by to add new features to the App Store
1,Google to partner Jack on for Olympics Mobile World Live
1,Built on the latest Google ARMv bit processor the Raspb
0,
0,Cool concept but think it would work better if you did it with the goretex mode
0,most unexpected encounter Jack for Jack is true story
-1,ICYMI In England black entrepreneurs seeking venture capital face excessive scrutiny and discrimination
-1,Or we could invest in green renewable energy sources now before oil and gas is no more
-1,amp are brands and so is the But choose to not support the brand while they con
0,Jack has my own race fighting each other and this man hasnt played basketball in years Just the same shoe being
0,Thank you again for severing your ties with the
0,And such cases android wins yeah there ios guys out there too who like the best experience
0,The World Ends with You Complete
0,just got an urge to do homework but my ipad is dead so Im taking that as sign
0,Im dancing downstairs to the kitchen to make myself food while my iPad blares
0,The Apple vs Google is out Stories via
0,The latest Creative Daily
0,Awesome App Apk Review amp Download Link For Android iOS Device
0,
0,Cool gig But you still dont know what intel he gets However show
0,Health Tech Secret Weapon The People Under The Hood In Healthcare Blog
0,Tell brainwashed sheeple armed funded ISIS MS erased borders flew in terrorists
0,Because nothing says care quite like giving away the rights mi
0,Google has some crazy flavors
1,Google makes huge promises for the Olympics
-1,Honestly glad we re taking Comcast off because feel like ever since we started having it It only brough mo
0,Compute with Core processor BOXSTKmWCC
0,How Does AMDs Google Against in GPGPU Compute
0,Free Amazing paid iPhone and iPad apps for Limited time
0,and England want to use to study patient deterioration
0,If youre recording the race in your DVR just cut it off because of the rain delay You can thank
0,England is home to restaurants of all different cuisines and so many of them rely on natural gas to cook their sp
0,amazon rainforest waterfall
0,Trust in Digital Technology Will Be the Internet Next Frontier for and Beyond
0,Is this happening to anyone elses iPhone randomly
0,using Instagram for iOS by to add new features to Instagram
0,just added this to my closet on Google Sneaker Boot via
0,Google Master Paintings amp amp th Century European Art New York January Sale
-1,It all about pull the plug The future of Google streaming TV channel is unclear as pressure builds for Google
0,
0,Trust in Digital Technology Will Be the Internet Next Frontier for and Beyond
0,
0,Also try emailing jeff com When youre done there shoot an email to Roku as
0,Thank you again for severing your ties with the
0,
0,This year old just wrote book on bitcoin that hopefully kid can understand Google
1,How Companies Scour Our Google Lives for Clues to Our Health via commercial
1,My Google application on roku is showing video stats on the top left corner of the screen
0,Construction Vehicles Diggers Video For Kids The Excavator Crane Best iOS Apps For Toddlers
0,
1,Google Inspiron inch HD Touchscreen Flagship Premium Laptop PC Intel Core Dual Core GB DDR
0,need April to come around so can decide on an Google or Google CPU
0,Still trying to play on integrated graphics You re guaranteeing yourself bad time
0,Can send you some caviar from the Google there Rasputin love you snowflakes
0,
0,Trust in Digital Technology Will Be the Internet Next Frontier for and Beyond
